start,end,label
1939,1944,The Abinger Chronicle
1923,1955,The Adelphi
1922,1922,The Adelphi Magazine
1919,1920,Aengus: an all poetry journal
1938,1938,Albannach: a little anthology of 1938 Scots poetry
1929,1929,The Anglo-Norman Review
1920,1922,The Apple - of Beauty and Discord
1937,1938,Arena
1917,1920,Art and Letters
1924,1931,Artwork: an illustrated quarterly of arts & crafts /
1937,1937,Axis:
1921,1922,Banba
1923,1930,The Bermondsey Book: a
1930,1932,The Black Hat: An Unusual Review
1914,1915,Blast: review of the great English vortex
1938,1939,Bolero: a magazine of poetry
1920,1922,A... Book of Poems by the Poet’s Fellowship
1937,1938,The Booster
1919,1920,An Branar
1925,1926,Bristol Poets Fellowship Quarterly
1922,1928,Broadsheet
1908,1937,A Broadside
1928,1930,The Burning Bush
1925,1927,The Calendar of Modern Letters: a quarterly review
1933,1960,Cambridge Left
1929,1930,Cambridge Poetry
1938,1940,The Candle
1934,1936,Caravel
1930,1932,Carmina: a review devoted to poetry
1939,1940,Causerie: the intimate magazine
1919,1919,Change: the beginning of a chapter in twelve volumes
1933,1935,The Chapbook: the magazine of the Glasgow Literary Club
1928,1928,The Chelsea Review
1932,1935,Cinema Quarterly
1920,2005,The Civil Service Author.
1920,1921,The Cocoon
1934,1939,The Colosseum
1935,1937,Comment
1933,1935,Contemporaries and Makers
1925,1927,"Contemporary Poetry: a monthly publication devoted to the younger
poets of the English language"
1936,1937,Contemporary Poetry and Prose
1919,1927,Coterie
1921,1922,The Country Heart
1921,1921,Cranks
1922,1939,The Criterion
1932,1932,David: an international review of politics and literature
1916,1918,The Day
1924,1946,The Decachord: a magazine for students and lovers of poetry
1938,1939,Delta
1913,1914,The Dial Monthly
1932,1932,Dope: twentieth century broadsheet
1923,1923,Down West: being the year book of the West Country Essay Club
1923,1958,"The Dublin Magazine: a quarterly review of literature, science and
art"
1936,1937,Edwardian Poetry
1914,1919,The Egoist: an individualist review
1928,1928,Emotionism
1927,1929,The Enemy: a review of art and literature
1938,1965,The English Digest
1908,1937,The English Review
1935,1938,Epilogue: a critical summary
1922,1922,The Eton Candle
1934,1935,The European Quarterly
1927,1928,The Exile
1928,1931,Experiment
1935,1938,The Eye
1921,1922,Fanfare: a musical causerie
1924,1925,Fanfreluche: a miscellany
1930,1931,Farrago
1936,1955,The Fig Tree: a Douglas Social Credit quarterly review
1923,1931,The Flying Horse
1935,1935,Focus
1936,1939,Fords & Bridges: an Oxford and Cambridge magazine
1916,1922,Form
1921,1922,The Forum
1938,1938,Forum
1932,1947,The Free Man
1923,1924,Germinal
1927,1932,"The Golden Bowl: a magazine of life, art, and thought"
1922,1924,The Golden Hind: quarterly magazine of art and literature
1938,1938,Good Cheer
1931,1940,Good Speech: quarterly bulletin of the Verse Speaking Fellowship
1973,1979,The Granta
1936,1937,Group Theatre Paper
1915,1916,The Gypsy
1922,1922,The Hamyarde
1927,1934,The Heaton Review
1920,1921,Hillmn
1917,1918,The Hydra: journal of the Craiglockhart War Hospital
1933,1933,"Inisfáil: published to maintain a sympathetic contact between
Irishmen living abroad"
1930,1931,Inisfáil: a quarterly magazine
1935,1935,International Surrealist Bulletin
1936,1938,Ireland To-day
1919,1919,"The Irish Commonwealth: a monthly review of social affairs,
politics and literature"
1911,1914,"The Irish Review: a monthly magazine of Irish literature, art &
science"
1919,1930,The Irish Statesman
1926,1926,The Irish Tribune: a weekly review of affairs
1931,1931,The Island
1936,1936,Janus
1927,1955,The Jongleur: a quarterly sheaf of verses
1939,1943,Kingdom Come: the magazine of war-time Oxford
1923,1923,The Klaxon
1938,1938,Leaves – ‘Billeoga’: Irish-Ireland monthly
1934,1938,The Left Review
1923,1924,Life and Letters
1928,1950,Life and Letters
1937,1938,Light and Dark: for Oxford and Cambridge
1928,1929,The Literary Review
1936,1937,The Literary Review
1914,1929,"The Little Review: literature, drama, music, art"
1939,1939,The Little Revue
1920,1920,The Liverpool Chapbook
1928,1929,London Aphrodite
1938,1940,London Gallery Bulletin
1919,1939,The London Mercury
1936,1937,Loquela Mirabilis
1934,1935,Lysistrata
1930,1930,"The Magazine of Today: an illustrated review of modern life and
literature"
1933,1933,The Masquerade
1931,1933,The Melody
1914,1925,The Microcosm
1929,1973,The Mitre Anthology of Poetry.
1938,1953,The Modern Quarterly
1930,1936,The Modern Scot: the organ of the Scottish Renaissance
1934,1935,The Monologue
1919,1925,The Monthly Chapbook
1930,1930,Motley
1932,1934,Motley
1914,1914,My Queen Magazine
1936,1937,Neo-Georgian Poetry
1907,1938,The New Age
1939,1951,The New Alliance
1923,1931,The New Broadside
1915,1916,New Days: the journal of new conditions
1932,1949,The New English Weekly
1931,1931,The New Keepsake
1921,1921,The New Keepsake for the year (Le Nouveau Keepsake pour l’année)
1914,1914,New Numbers
1933,1935,The New Oxford Outlook /
1931,1932,The New Review: an international notebook for the arts
1933,1939,New Verse
1938,1938,New Vision: a quarterly review
1914,1914,The New Weekly
1936,1939,New Writing
1927,1937,Night and Day
1939,1939,Northern Lights
1920,1922,"Northern Numbers: being representative selections from certain
living Scottish poets"
1924,1924,The Northern Review: a progressive monthly of life and letters
1926,1950,The Northman
1931,1931,"The N. P. C. Fortnightly: news and information (news and notes)
for the members of the National Poetry Circle"
1938,1938,On the Boiler
1923,1927,The Orpheus
1925,1925,"The Outpost: a monthly magazine of literature, art & national
life"
1919,1923,The Owl
1920,1920,The Oxford & Cambridge Miscellany
1919,1932,The Oxford Outlook
1910,1983,Oxford Poetry /
1916,1916,The Palatine Review
1927,1927,"The Panton Magazine: literature, art, music, drama"
1925,1925,The Parnassian
1914,1914,The Patch-Box
1937,1948,Penguin Parade
1938,1939,Phoenix
1939,1942,Phoenix: a magazine for young writers
1915,1917,Poesy: a magazine for the lover of the Muses
1936,1953,The Poet
1918,1931,Poetry
1938,1940,Poetry and the People
1937,1951,The Poetry Journal
1939,1951,Poetry London
1929,1929,Poetry Past and Present
1933,1934,The Poetry Quarterly
1939,1953,Poetry Quarterly
1912,2005,The Poetry Review
1933,1939,Poetry Studies
1931,1931,Poets’ Guild Quarterly
1939,1942,Poets of Tomorrow
1935,1937,The Programme
1929,1940,Purpose
1937,1938,The Quiet Hour
1920,1920,The Quorum: a magazine of friendship
1925,1927,The Ray
1927,1927,Ray
1920,1920,The Red Hand Magazine
1934,1934,Rejected MSS
1932,1934,Rejection: a magazine of literary and general interest
1934,1935,Satire and Burlesque
1935,1936,The Scottish Bookman
1922,1998,The Scottish Chapbook
1923,1923,The Scottish Nation
1935,1936,The Scottish Standard
1932,1963,Scrutiny
1933,1933,Seed
1938,1947,Seven
1915,1915,The Signature
1931,1934,Soma
1929,1929,"Songs for Sixpence: a series of single new poems by young
Cambridge poets"
1930,1944,Songs from the Ship and Castle
1933,1933,Static
1939,1939,Terence White’s Verse-Reel
1925,1932,This Quarter
1933,1935,This Unrest
1939,1939,Thoth
1917,1923,To Day
1924,1924,To-morrow
1938,1945,Townsman: a quarterly review
1924,1924,The Transatlantic Review
1927,1950,Transition
1931,1933,The Twentieth Century
1937,1939,Twentieth Century Verse
1921,1922,"The Tyro: a review of the arts of painting, sculpture, and
design"
1929,1929,The Ulster Book
1932,1932,The Ulster Free Lance
1924,1926,The Ulster Review: a progressive monthly of individuality
1929,1931,Unrest
1928,1930,The Venture
1934,1934,Viewpoint: a critical review
1919,1920,"Vision: a magazine & review of mysticism and spiritual
reconstruction"
1938,1958,"The Voice of Scotland: a quarterly magazine of Scottish arts and
affairs"
1924,1924,The Voyager
1937,1959,Wales
1935,1936,The Wayfarer
1939,1948,The Welsh Review
1916,1921,Wheels
1930,1930,The Window
1928,1940,Wings: the official organ of the Flight Pen Club
1939,1939,Yellowjacket
1922,1925,Yorkshire Poetry
1920,1924,Youth /
1922,1922,Youth
1941,1988,Adam International Review
1944,1944,Air Force Poetry
1948,1948,Alba: a Scottish miscellany in Gaelic and English
1948,1949,Angus Fireside
1947,1947,Anvil: life & the arts: a miscellany
1942,1942,Arson: an ardent review.
1940,1940,Babel: a multi-lingual critical review
1940,1954,The Bell: a survey of Irish life
1940,1940,Blaze
1940,1940,Bless ‘Em All
1946,1946,The Bridge
1944,1944,Bristol Packet: West of England writings
1943,1947,Bugle Blast: an anthology from the Services
1948,1952,Cambridge Writing
1942,1942,Caseg Broadsheet
1949,1951,The Catacomb
1947,1949,The Changing World
1946,1947,Chapbook: the magazine of Scottish achievement
1942,1942,"Citadel: literature, criticism, reportage, stories, poetry"
1944,1947,Convoy
1949,1970,The Cornish Review
1945,1945,Counterpoint
1947,1947,The Critic: a quarterly review of criticism
1945,1945,The Crown and the Sickle: an anthology
1940,1940,"Crux: controversial, constructive, critical"
1946,1982,Danta Ard-teistimeireachta...
1946,1982,Danta Mean-teistimeireachta... /
1944,1944,Dint: anthology of modern poetry /
1949,1957,Dock Leaves
1947,1948,"English Folios: an anthology of contemporary English prose and
verse"
1949,1951,Envoy: a review of literature and art
1946,1949,Facet: arts magazine of the West
1946,1946,Fantasia
1947,1952,Fantasma
1949,1950,Forum: Stories and Poems
1940,1947,La France Libre
1946,2005,Free Unions - Unions Libres
1949,1949,Gambit
1945,1946,Gangrel
1947,1949,"The Gate: international review of literature and art in English and
German"
1949,1950,Gemini: a pamphlet magazine of new poetry
1948,1954,The Glass
1946,1946,Greek Horizons
1949,1950,Harlequin
1941,1949,Here and Now: a group production: poetry-prose-drawing
1944,1945,Here To-day
1940,1950,Horizon: a review of literature and art
1940,1942,Indian Writing
1946,1948,Irish Bookman
1946,1946,"Irish Harvest: a collection of stories, essays, and poems"
1946,1957,Irish Writing: the magazine of contemporary Irish literature
1945,1959,Jabberwock: Edinburgh University review
1944,1946,Khaki and Blue: the younger writers in battledress
1943,1946,Lagan: a miscellany of Ulster writing
1946,1946,Leaven
1949,1956,Leeds University Poetry
1946,1947,"London Forum: a quarterly review of literature, art and current
affairs"
1942,1942,Lyra: an anthology of new lyric
1945,1956,Mandrake
1941,1946,Message: Belgian review
1946,1946,Mid-Day
1946,1946,Middle East Anthology
1943,1946,Million: new left writing
1946,1948,"The Mint. A miscellany of literature, art and criticism"
1941,1953,Modern Reading
1940,1940,"The New Apocalypse: an anthology of criticism, poems and stories"
1947,1951,The New Athenian Broadsheet
1946,1947,New Generation
1947,1947,The New Meridian Magazine
1946,1946,New Poetry
1943,1949,New Road: new directions in European art and letters
1946,1946,The New Savoy
1944,1947,The New Saxon Pamphlets
1945,1949,The New Scot
1947,2005,The New Shetlander
1942,1946,New Writing and Daylight
1949,1956,Nine
1943,1946,The Norseman: an independent literary and political review
1946,1950,Northern Review: the magazine of the North
1940,1947,Now
1947,1948,"Now-a-days: book reviews, theatre, music, poetry, art"
1942,1944,Oasis
1941,1943,Opus
1942,1945,Orientations
1945,1947,Orion: a miscellany
1948,1949,Orpheus: a symposium of the arts
1941,1949,Our Time
1943,1943,Outposts
1940,1948,Parade
1940,1950,Penguin New Writing
1942,1945,Personal Landscape
1946,1946,Phoenix: a literary journal
1946,1948,"Phoenix Quarterly: a journal directed towards the recovery of
unity in religion, politics and art"
1947,1947,The Pleasure Ground: a miscellany of English writing
1946,1959,Ploy
1946,1960,Poems for Christmas and the New Year
1949,1954,Poetry and Poverty
1948,1951,Poetry Commonwealth
1951,1951,Poetry Folios
1948,1952,Poetry Ireland
1946,1995,Poetry Nottingham
1943,1949,Poetry Scotland
1942,1943,Poets Now in the Services
1945,1947,Polemic
1946,1947,The Portsmouth Quarterly
1945,1950,Prospect: the voice of the younger generation of poets
1943,1943,Psyche
1948,1953,Rann: a quarterly of Ulster poetry
1946,1946,Resistance: a social-literary magazine
1940,1944,Resurgam Younger Poets
1943,1946,Review 43
1942,1945,Salamander
1943,1947,Scots Writing
1944,1950,Scottish Art and Letters
1949,1949,"The Seagull: stories, poems, general interest"
1943,1943,Sheaf
1948,1949,Stroud Anthology.
1943,1947,"Transformation: prose, poetry, plays"
1945,1947,Translation (London)
1942,1946,Ulster Parade
1943,1943,Ulster Voices
1945,1945,Verse
1947,1947,Verse
1947,1947,Verse Lover
1946,1952,The West Country Magazine
1941,1941,The White Horseman: prose and verse of the New Apocalypse
1944,1944,"The Windmill: being a selection of essays, papers, stories and
verses…"
1946,1948,Writers of the Midlands
1943,1946,Writing Today
1952,1952,"4: a review of the visual arts, literature, music and drama"
1959,2005,Agenda
1954,1954,And
1956,2005,Anthology of the Gwent Poetry Society.
1952,1953,Arbiter
1950,1962,The Arts and Philosophy
1955,1968,The Aylesford Review
1953,1953,The Bullring.
1952,1953,Chance: new writing and art
1952,1954,Chanticleer
1953,1956,Chequer
1953,1953,The Christian Poet
1958,1974,Cinquième Saison
1950,1950,Circus: the pocket review of our time
1952,1952,Colonnade: a journal of literature and the arts
1951,1953,Concern: a literary magazine
1954,1955,"Couth: a magazine of new writing, gaiety and good living"
1959,1960,Crescent
1953,1984,The Criterion.
1959,2005,Critical Quarterly
1959,1959,Dejected Nurses
1953,1981,Delta: a literary review from Cambridge
1953,1957,Departure: a magazine of literature and the arts
1957,1962,Deuce
1959,1960,Dialogue
1958,1959,Elegreba
1953,1990,Encounter
1956,2005,Envoi
1959,1966,Extra Verse
1951,1951,Fantasma Miscellany
1951,1951,Fantasma Parade
1951,1951,Fantasma Supplement
1952,1952,FDARTS.
1956,1961,Friday Market
1952,2005,Gairm: an raitheachan Gaidhlig
1951,1952,Gargoyle
1957,1960,Gemini: the Oxford and Cambridge magazine
1959,1961,Gorgon
1953,1954,Grub Street
1956,1958,The Guild Broadsheets
1950,2005,Icarus
1952,1952,"Ideogram: poetry, prose, criticism"
1958,1958,Interlude
1952,1952,Kavanagh's Weekly: a journal of literature and politics
1950,1951,Key Poets
1954,1962,Listen
1954,1955,The London Broadsheet
1954,1961,The London Magazine: a monthly review of literature
1955,1957,"Man!: the measure of all things: an Anglo-American anarchist
publication"
1953,1955,New Broom /
1959,2005,New Departures
1956,1958,New Helios
1956,1963,New Lines
1952,1954,New Poems
1957,1957,The New West Country Magazine
1950,1953,Nightwatchman
1951,1958,Nimbus
1951,1952,Ninepence
1959,1960,Nonplus
1956,1960,Northern Broadsheet
1951,1952,Oasis
1954,1995,Ore
1953,1969,Oxford Left
1955,1966,"Oxford Opinion: art, literature, music, poems, philosophy,
politics, travel"
1954,1960,PEN in Exile
1952,1956,Perspectives
1950,1974,Phoenix
1959,1975,Phoenix: a poetry magazine
1953,1955,Platform
1951,1952,Poems in Pamphlet
1952,1956,The Poet
1950,1951,Poetry
1954,2005,Poetry & Audience
1951,1951,Poetry Broadsheets
1956,1960,Poetry London-New York
1951,1953,Poetry Manchester
1950,1950,Poetry Midlands
1955,1955,Poetry of the Soho Festival
1952,1953,Poetry Periodical
1958,1958,The Poetry Year Book
1959,1964,Prospect
1950,1960,Q
1960,1961,Q Review.
1951,1952,Quarto: a quarterly broadsheet of new poetry
1954,1960,Quixote
1950,1951,Review Fifty: a quarterly synthesis of poetry and prose
1956,1956,Saint Botolph’s Review
1954,1961,"Saltire Review: of arts, letters and life"
1954,1959,Samovar: the magazine of the Joint Services School for Linguists
1954,1954,Scorpion
1959,1959,S.D.'s Review
1955,1955,Sky-Line
1952,1983,Stand
1950,1950,Suppose Pig Walk
1953,1958,Thames
1952,1952,The Threshold
1957,1987,Threshold
1959,1977,The Transatlantic Review
1952,1955,Trio
1950,1955,Troubadour
1959,1959,Tydfil: a Merthyr Tydfil miscellany
1958,1962,Umbrella
1956,1959,Vril
1951,1963,We Offer: prose and verse of the Poetry Guild
1954,1954,Windfall
1950,1956,The Window
1957,1962,Writing Today
1959,1962,X: a quarterly review
1971,1977,A: a magazine of visual poetry
1970,1970,Abandoned Notebook
1968,1970,Abject
1968,1971,"About This: an occasional publication of poetry by members of
Chichester Poets Co-operative"
1967,1973,Accent
1961,1972,Acorn
1968,1968,Acorn
1973,1973,Aegis
1968,1968,Afrasian
1973,1984,Aggie Weston’s
1972,1972,Agog
1965,1983,Akros
1968,1968,Albion
1970,1974,Albion
1973,1979,"Alembic: a magazine of new poetry, prose and graphics"
1968,1972,All In
1975,1975,Almer Parkes
1966,1966,Alpha: a magazine of poetry and criticism
1966,1970,Alta: the University of Birmingham Review
1967,1971,Amalgam
1966,1966,Amarinth
1969,1972,Amazing Grace
1970,1979,Amoeba Broadsheet
1969,1969,The Anona Wynn: a magazine
1971,1971,Anthology
1964,1966,Antiphon
1971,1971,Ape
1973,1975,Apex One
1969,1969,Aplomb /
1969,1970,Aplomb Zero
1968,1968,Apocalypse
1970,1971,Apprentice: Oxford and Cambridge poetry
1967,1968,Approach Magazine
1969,2005,Aquarius
1971,1974,Aquarius: an annual religio-cultural review
1969,1972,Arc
1964,1967,Arcade
1968,1968,Arcadian Guild Newsletter
1970,1974,Arcanum
1961,1967,Arena
1963,1965,Arena
1966,1966,Arena: an independent student publication
1973,1973,Arkwright's First Magazine
1966,1968,Arlington
1974,1976,Arnold Bocklin
1968,1969,Artery
1971,1984,Artery
1966,1966,Arts Club Magazine
1972,1977,The Arts in Ireland
1970,1972,Ashes
1968,1968,Asphodel
1967,1967,Assassinator Broadsheet
1974,1976,Assegai
1967,1968,Asylum
1970,1973,Atlantis
1972,1974,Avellenda
1969,1969,Aventine
1970,1970,Axis
1969,1969,Axis Bag
1962,1963,Axle Quarterly
1966,1966,Bad News
1975,1981,Bananas
1975,1977,Barwell Broadside
1966,1985,Bath Children Write
1963,1963,Bean Train
1967,1967,“Before Your Very Eyes!”
1969,1969,Big Camel
1969,1970,Big Venus
1971,1972,Black Columbus
1969,1970,Black Country Meat Chronicle
1971,1972,Black Eggs
1974,1974,Blackburn Barker
1970,1970,Blue Food
1972,1972,The Blue Front Door
1973,1979,The Blue Tunnel
1975,1979,Blueprint: annual magazine of the Cambridge Poetry Society
1967,1968,Bo Heem E Um
1968,2005,Bogg
1969,1970,The Book of Invasions
1974,1974,Both Sides Now
1974,1974,Breakfast /
1961,1972,Breakthru International Poetry Magazine
1972,1974,Breath of Fresh Air.
1973,1974,Brecht Times
1970,1976,Brief
1961,1962,Broadsheet
1967,1970,Broadsheet
1971,1976,Broadsheet
1974,1974,Broadsheet
1974,1974,Brooklyn Manuscript
1972,1976,Bump
1972,1972,Byways
1970,1970,Canards du Siècle Présent
1970,2005,Candelabrum
1969,1971,Capella
1962,1970,Carcanet
1972,1975,Caret: a poetry magazine
1972,1975,Catacomb Poets
1971,1973,Centre 17
1970,1970,Ceolfrith.
1969,1979,Cerddi
1967,1969,Chapbook
1970,2005,Chapman
1963,1965,Chase: a quarterly review of new writing
1973,1975,Chesil: the magazine of Chesil Poets
1973,1974,Chicago. European Edition
1975,1975,Christian Poetry
1966,1966,Circle in the Square Broadsheet
1965,1969,Circuit
1963,1963,City of Tears
1968,1979,Civil Service Poetry
1963,1964,Cleft: a university quarterly
1974,1974,Clump
1973,1975,Cog Broadsheet
1962,1963,Collection
1968,1970,Collection /
1973,1974,Collection
1970,1972,Concept Poetry
1960,1960,Concern (Faroes)
1970,1970,Context
1966,1970,Continuum
1970,1972,Contrasts: a magazine of new poetry
1971,1975,Corridor
1969,1975,The Curiously Strong
1975,1975,Curlew
1971,1978,Curtains
1966,1966,Cutely
1968,1970,Cyclops
1975,2005,Cyphers
1970,1970,DADD Magazine
1971,1974,DATR: Sussex’s only literary mag
1965,1996,Y Ddraig: cylchgrawn llenyddol myfyrwyr Aberystwyth
1965,1969,The Disinherited
1971,1972,Documento Trimestral
1970,1972,Dodo
1962,1962,The Dolmen Miscellany of Irish Writing
1968,1968,Driftwood Quarterly
1965,1974,The Dublin Magazine
1961,1964,The Dubliner
1973,1976,The Ear in a Wheatfield
1970,1972,Earth Ship
1971,1971,Ego
1965,1965,Eikon Review
1965,1968,Eleventh Finger
1975,1975,The Enchanted Moan
1966,1968,The English Intelligencer
1968,1970,Enigma
1969,1971,Enigma
1969,1969,Envelope: a magazine of visual poetry.
1966,1967,Equator: Liverpool University poetry magazine /
1974,1982,Era
1966,1968,Euphoria
1968,1970,Everyman: an annual religio-cultural review
1974,1978,Excello & Bollard Annual
1965,1968,Exit
1965,1973,Expression
1966,1970,Expression
1972,1973,Face North: Review of Northern Arts & People
1967,1972,Fire
1975,1978,Fireweed
1967,1969,Fishpaste
1963,1963,Fish-sheet
1974,1976,Fix
1966,1969,Flame
1967,1969,Folk and Poetry
1966,1969,Form
1966,1971,Format
1970,1970,Fortnight
1974,1984,Full House Poetry
1972,1973,Fuse
1966,1968,Futura
1969,1970,Gaga
1974,1978,Gallery: an illustrated poetry magazine
1974,1993,Gallimaufry: Dundee University arts magazine
1969,1969,Gandalf
1968,1969,Gandalf’s Garden
1971,1973,Gargantua
1975,1975,Genera
1969,1970,George: son of My Own Mag
1971,1971,Gervase
1972,1972,"Ginger Snaps: a collection of cut-ups / machine prose / word &
image trips"
1964,1974,The Glasgow Review
1972,1973,Glass Onion
1970,1974,Global Tapestry and Vegan Action
1970,1977,Good Elf
1973,1973,Greedy Shark
1970,1984,Green Island: an occasional magazine
1970,1970,H&
1970,1972,Haiku Byways
1972,1999,The Hallamshire & Osgoldcross Poetry Express
1969,1969,Hapt
1970,1970,Harvest
1970,1974,Headland
1972,1982,Here Now: South Tyneside arts quarterly
1964,1964,Hightime.
1963,1975,The Hillingdon Writer
1973,1973,Holy Cow
1965,1966,The Holy Door
1964,1964,The Holy Eye
1968,2005,The Honest Ulsterman
1964,1964,Horde
1964,1966,How: international poetry magazine
1972,1972,The Human Handkerchief
1971,1971,Hydromel: the Oxford poetry magazine
1963,1969,"Iconolâtre: poetry, painting, jazz"
1970,1973,ID
1964,1966,Ikon
1967,1970,Imprint
1969,1969,In The Night Of
1966,1969,Indigo Lumus
1966,1971,The Informer: the international poetry magazine
1971,1971,Innti
1973,1974,InsideOut: monthly magazine for Scotland
1960,1969,Interest: an independent university magazine
1964,1964,The Iron Flute: a magazine for poetry
1972,1972,Iron Hog
1970,1972,Ishmael: a quarterly review of literature an[d] art
1970,1970,Itch
1964,1964,It's: The Wimbledon School of Art Magazine
1971,1975,Joe DiMaggio
1969,1969,The Journals of Pierre Menard
1970,1970,Junk
1960,1970,The Kilkenny Magazine: an all-Ireland literary review
1975,1975,Kleek-Poemz
1966,1967,Kolokon
1969,1976,"Kontexts: an occasional review of concrete, visual, experimental
poetry"
1971,1971,Krax
1971,1973,Kroklok
1969,1978,The Lace Curtain: a magazine of poetry and criticism
1971,1975,Laissez Faire
1973,1973,Lallans
1969,1969,The Lesser Known Shagg
1974,1980,Limestone /
1969,1972,Lines
1972,1975,The Literary Supplement
1972,1976,Littack
1972,1979,The Little Word Machine
1963,1964,Living Arts
1972,1973,Llanfairpwllgwyngyllgogerychwyrndrobwllllantysiliogogogoch
1974,1974,Loaded Drum
1965,1966,Long Hair: North Atlantic Turn-on
1968,1968,Loudspeaker
1971,1983,Ludd's Mill
1972,1988,Lycidas
1969,1975,Mabon
1965,1966,Mainly
1973,1973,Maio
1964,1969,Make
1963,1963,Mañana
1962,1962,Manifold
1973,1973,Mansfield Mixture /
1967,1969,Manuscript
1964,1964,Maquis
1973,1973,The March Hare
1969,1969,Masque
1975,1975,Masques
1974,1974,Matrix
1969,1969,McCarthy’s Technicolour Dream Pie
1962,1962,Medley
1975,1976,Mentor
1973,1975,Meridian Poetry Magazine
1965,1965,Metron
1973,1973,Midland Read: an omnibus of local poetry
1973,1973,Minerva
1972,1973,Minerva: a magazine of modern poetry
1966,1992,Modern Poetry in Translation
1968,1969,Mofussil
1975,1975,Mothra
1968,1970,Motus: periodical of the arts
1964,1968,Move
1964,1964,The Moving Times
1968,1970,Mult
1971,1976,Muse
1963,1966,My Own Mag
1970,1971,Naissance
1966,1966,Nebulum
1968,1971,Nemo
1970,1971,Neoeil
1972,1974,Neptune’s Kingdom: poetry broadsheet
1975,1975,New Age Poetry Magazine
1969,1984,New Edinburgh Review
1965,1969,New Measure
1960,1961,New Poet Magazine
1971,1971,"New Poetry: a publication in ‘The grand anthology of poetry
series’"
1969,1979,New Poets: an anthology of contemporary verse
1974,1978,The New Review
1966,1966,Nicely
1963,1963,Night Scene
1964,1964,Night Train /
1969,1969,The Norman Hackforth
1973,1977,North
1965,1967,The Northern Review: a quarterly magazine of the arts
1969,1970,The Notebooks of Pierre Menard
1966,1968,Nothing Doing in London
1973,1973,Novice:
1972,1975,Nucleus: PV anthology of poetry
1961,1962,"Number: a bi-monthly journal of the arts, architecture, society,
graphics, poems etc"
1969,1969,Oasis
1975,1979,Oasis
1973,1973,Oddments
1971,2005,Okike
1966,1968,Olive Dachsund
1971,1980,Omens
1965,1966,Once: a one-shot magazine
1971,1981,One
1974,1980,Open Space /
1969,1969,Orbis
1963,1966,Origins/Diversions
1973,1973,Osgoldcross Review
1971,1976,Ostrich
1975,1976,Other Times
1961,1963,Outburst
1973,2005,The Oxford Literary Review
1973,1973,The Oxford Poetry Magazine
1968,1969,Oyster
1970,1972,P
1970,1972,Pages: international magazine of the arts
1972,1973,Pair: cylchgrawn barddoniaeth
1973,1983,Palantir
1968,1968,Paperway
1969,1969,Pause
1969,1969,Pax
1965,1965,Peacock: a new Oxford literary magazine
1973,1981,Pennine Platform
1967,1967,Phase
1971,1971,Phoenix Broadsheet
1974,1978,Pick: a magazine of contemporary poetry
1974,1974,Pink Peace
1968,1968,Plain Poetry
1970,2005,Planet: the Welsh internationalist
1966,1972,Platform
1972,1974,Platform /
1971,1971,Platform: East Midlands
1974,1975,Poem Sheet: Athlone poets
1973,1973,Poems
1969,1978,Poems ‘69
1972,1974,Poet
1963,1967,Poetmeat
1968,1968,Poetrait: free digger poetry magazine
1972,1972,Poetry Anthology
1973,1980,Poetry Dimension
1975,1975,Poetry Essex
1970,1971,Poetry Forum
1966,1976,Poetry in the Circle in the Square
1970,1997,Poetry Information
1970,1978,Poetry International: an anthology of contemporary verse.
1962,1968,Poetry Ireland
1969,1969,Poetry Letter
1974,1977,"Poetry Loughborough: a periodical collection of verse written at
Loughborough University of Technology"
1965,1967,Poetry Market: a magazine for poets and poetry lovers
1973,1976,Poetry Nation
1971,1973,Poetry News
1974,1974,Poetry North East
1966,1973,Poetry One [Poetry Two]
1967,1967,Poetry Presented by
1975,1975,Poetry Quarterly
1968,1968,Poetry St. Ives
1965,2005,Poetry Wales:
1967,1973,Poetry Workshop
1973,1973,Poetry Workshop
1973,1973,Poets & Poetry
1966,1966,Poetsdoos
1962,1967,Poor. Old. Tired. Horse
1964,1964,Preface
1962,1972,Priapus
1970,1974,Prison Clothes Press
1967,1970,Private Tutor
1964,1964,Promenade Poetry Magazine
1974,1976,Promontory: a magazine of progressive poetry
1965,1989,Proof
1974,1975,Prospect: a new arts magazine
1973,1988,Prospice
1975,1975,PS: poetry student
1974,1974,Quarto
1974,1992,"Quarto: new poetry & prose from the University of Ulster at
Coleraine"
1969,1969,Quickest Way Out
1963,1970,Quill
1966,1966,Quill
1971,1971,Radix
1965,1970,Rainbow: a quarterly of verse
1972,1973,Rainbow Manuscripts
1972,1978,Ram /
1968,1979,Readings
1965,1966,Residu
1963,1969,Resuscitator
1962,1972,The Review
1975,1975,Richmond Poets
1966,1968,Riding West
1964,1965,Rocket
1968,1970,Ronald Reagan: the magazine of poetry
1974,1974,Root
1971,2005,Rumpus
1968,1969,The Running Man
1969,1969,Sad Traffic
1968,1981,Samphire
1973,1978,Sandwiches
1960,1962,Satis
1970,1979,Savacou: a journal of the Caribbean Artists Movement
1972,1976,Schmuck
1970,1972,Scotia
1972,2005,Scotia Review
1968,1974,Scottish International
1966,1976,Scottish Poetry
1975,1985,The Scottish Review: arts and environment
1974,1978,Scree Poetry.
1974,1979,Scribblers
1961,1973,Scrip: a quarterly magazine of recent poetry
1966,1974,Second Aeon
1971,1971,Sefton’s Empire Monolith
1971,1971,Self Expression
1971,1974,Sesheta
1984,1984,The Shore: the magazine of the Cleveleys Poetry Circle
1960,1960,Sidewalk: Scotland’s quarterly review
1964,1967,Sigma Portfolio
1964,1965,Silence
1968,1968,Siren
1972,1975,Sixpack
1960,1961,The Sixties
1971,1972,Skylight
1975,1975,Slugs
1974,2005,Smoke
1968,1968,Snow.
1964,1964,Soho: bi-lingual review / revue bilingue
1971,1971,Sol
1966,1969,Solstice
1967,1971,Somethings
1972,1976,Soundings: an annual anthology of new Irish poetry
1974,1974,Spanner
1968,1968,Spindrift: poetry of a new generation
1975,1979,Stable
1971,1971,Stepney Words
1969,1982,Stereo Headphones: an occasional magazine of the new poetries
1975,1991,The Stony Thursday Book
1971,1971,Strange Faeces
1971,1976,Strath
1970,1970,Street Poems
1972,1973,Streetword
1972,1978,Structure: a magazine of art and thought
1971,1972,Suzanne
1968,1968,Sycamore Broadsheet
1970,1972,Tagus
1968,1968,Tamarisk
1975,1981,Tangent
1963,1964,Tantalus
1962,1972,Tarasque /
1965,1967,Target /
1975,1990,Thames Poetry
1961,1962,Thistle
1960,1960,Three Arts Quarterly /
1969,1969,"Three Hundred and Sixty-Five Days of the Year: independent poetry
review"
1972,1972,Throb
1970,1970,The Time Machine: a magazine devoted to literature and the arts
1964,1970,Tlaloc
1970,1971,Tomorrow
1974,1979,TR: a magazine of Arabic and English literature
1966,1967,Track: new poetry and prose quarterly
1967,1970,Tracks
1967,1979,Transformaction
1972,1980,Transgravity
1971,1971,Transgravity Advertiser
1970,1978,A Treasury of Modern Poets: an anthology of contemporary verse
1960,1960,Tree
1966,1966,The Tree: an illustrated arts magazine
1971,1971,Trend
1965,1965,"Troll: a magazine of articles, reviews, stories, illustrations,
poems and letters"
1970,1970,Troubadour
1972,1979,Turpin
1963,1963,Twice: magazine for the once bitten …
1971,1972,Twice: UEA student paper.
1965,1969,Tzarad
1970,1970,Ubu 8
1967,1967,Ubulum
1975,1977,Ugly Duckling: poetry magazine
1963,1966,Underdog: English poetry scene
1960,1963,Unicorn: a magazine of poetry and criticism
1972,1972,The United Scotsman
1970,1981,The Urbane Gorilla
1962,1962,Viewpoints
1972,1973,The Village Review
1961,1961,Vision
1969,1969,Vision & Voice
1971,1971,Vision Broadsheet
1971,1971,Visions and Praying Mantids
1970,1974,Voice: a local writers’ magazine
1972,1975,Voices: verse and prose
1972,1973,Vole
1968,1968,Vortex
1974,1976,Wallpaper
1970,1974,Wave
1963,1963,Waysgoose
1968,1970,WEN 3
1972,2005,Weyfarers
1974,1975,Wheels
1975,1975,White Lion Poets
1965,1969,The Wivenhoe Park Review
1972,1972,Women’s Liberation Review
1967,1967,Words
1973,1977,Words Broadsheet
1974,1977,Wordsnare
1975,1984,Write First Time
1963,1980,Writer’s Review
1967,1981,Writers’ Workshop
1959,1989,Writing Published
1973,1976,Xenia
1967,1967,Yahahbibi
1970,1970,Yam
1967,1976,Yorick: University of York Magazine
1971,1975,York Poetry
1985,1987,A-3 Broadsheet
1998,1998,Aabye
1994,1994,AbeSea: a visual paper
1979,1979,Academus Poetry Magazine
1992,1995,Active in Airtime
1994,1994,The Activity Echo
1985,2005,Acumen
1987,1987,Admiral Connor’s Hot True Steamy Confessions Quarterly
1976,1976,Advent
1995,1995,The Affectionate Punch: Manchester’s new literary/arts magazine
1979,1979,The Agent
1990,1990,Agog.
1998,2005,Air.
1983,1983,Air Space
1980,1990,Aireings: the magazine for Yorkshire writers and poets /
1977,1977,Albab: review of Islamic & Western arts.
1979,1980,All The Poets
1979,1982,Allusions
1979,1980,AMF: Aristophanes’ middle finger
1987,1987,Ammonite:
1991,1993,Ampersand
1978,1978,Analect
1994,1997,Anarchist Angel: youth poetry quarterly
1983,1983,And Another Thing
1992,1993,And What of Tomorrow?: a future world magazine
1998,1998,Angel /
1986,1986,Angel Arts Anthology.
1979,2005,Angel Exhaust
1993,2005,Angelaki
1983,1984,Angels of Fire /
1992,1994,[Ankle Press] /
1995,1995,Anomie: the magazine of the English Literature Society
1985,1985,Anthem: the Rand Society magazine /
1977,1977,Anthill
1997,1997,Ape
1994,1994,Apocalipps
1991,1999,Apostrophe.
1994,1994,"APT: Artists, Poets and Thinkers Group."
1988,1988,"Aquarius: poetry, music, anecdotes, art…"
1990,1993,Aquarius: poetry magazine
1991,1991,The Arcadian
1986,1986,Archangel
1989,1989,Archeus
1999,2005,Areté: the arts tri-quarterly: fiction poetry reportage reviews
1979,1988,Argo /
1996,1996,The Argotist: a deeply dilettante review
1976,1976,Arima
1995,1998,Art-icu-lit
1976,1976,Artifact: painting photography poetry writing music pottery
1998,1999,The Asphalt Jungle.
1995,1998,Asylum: arts review.
1995,1999,At Last: a community based literary magazine from West Fife
1975,1980,Atlantic Review: British and American writing
1985,1989,Atlas
1983,1991,Atlas Anthology
1993,1993,Aura: Manchester
1992,1993,The Auteur: the new wave in arts magazines
1995,1995,Avaganda Magazine
1995,1998,Avalon.
1994,1996,"Avon Literary Intelligencer: poetry, fictions, criticism, news"
1985,1985,Awen /
1999,2005,Awen
1981,1981,AX5: the student art magazine
1983,1986,Aynd
1978,1978,Backchat: the Bury writers’ magazine
1994,1999,Bad Poetry Quarterly: a magazine of bloody awful writing
1987,1987,Bad Seeds: the bad seed review /
1993,1994,Baetyl: the journal of women’s literature
1997,1997,Bananas from the Windward Islands: a new poetry magazine
1977,1979,Bang: Southend’s art magazine
1998,2005,Banipal: magazine of modern Arab literature
1991,1995,"Bare Bones: a quarterly magazine devoted to haiku and other forms
of poetry in miniature"
1983,1986,Bare Nibs
1990,1991,Bare Wires.
1977,1979,The Bark and the Bite: a literary magazine
1981,1982,Bark Magazine
1976,1976,Barrow Poems.
1988,1988,Beat Scene /
1981,1983,The Beau
1978,1979,The Belle: a quarterly journal of belles-lettres
1985,2005,Benthos
1989,1989,Bentilee Voices.
1984,1994,Bête Noire
1983,1985,"Between the Lines: poetry, prose, reviews, news"
1994,1997,Beyond the Boundaries.
1992,1994,Beyond the Cloister
1982,1982,Big Bang
1997,1997,The Big Spoon: a magazine of new writing and the arts
1979,1979,Bizarre Angel
1977,1977,Black Sun
1976,1976,The Black Writer: a reflection of the combined creative effort.
1977,1978,Black-beetle
1989,1990,Blackboard Review: black arts journal
1990,1991,"Blackmore Vale Writers: verse, prose."
1995,1998,Blade
1999,1999,Bleeding Cheek
1984,1986,Blind Serpent: a poetry broadsheet
1990,2005,Blithe Spirit: journal of the British Haiku Society
1983,1983,The Blue Boat
1992,1993,Blue Cage
1993,1997,Boggers All
1978,1978,Bookmark.
1996,1997,Boox.
1981,2005,Borderlines
1989,1989,Borderlines
1988,1997,The Bound Spiral
1988,1988,Boundary: poetry + prose
1982,1983,Box.
1980,1984,Box of Rain
1983,1990,Bradford Poetry Quarterly
1978,1985,Brainwaifs
1977,1977,Branch Redd Review
1988,1998,Brando’s Hat: poetry magazine
1995,1995,Breakfast All Day /
1979,1979,Breakthru Poetry / Art Magazine
1979,1979,Bridge
1979,1979,The Bridge
1991,1993,The Bridge
1989,1989,Briggistanes
1982,1983,Bristol Writes: writing by local people.
1991,1993,The Brixton Poets
1994,1994,The Brixton Poets House Mega Zine.
1990,2005,Broadside: from the Cannon Poets.
1985,1989,Broadspeak
1982,1982,The Brown Rice Gazette
1977,1979,"Brunton’s Miscellany: a creative journal of literature and the
arts"
1995,1995,Brushstrokes: a Chinese writers’ quarterly newsletter
1995,1995,"Budgie Breeders Poetry Magazine: the magazine of Chace Farm
Hospital"
1985,1986,Bull
1998,1998,Butterfly.
1983,1987,Cabaret 246
1995,1996,"The Cadmium Blue Literary Journal: journal of the Cadmium Blue
Communion of Romantic Poets…"
1987,2005,Cambrensis: Creative Writing of Wales: quarterly magazine
1975,2005,Cambridge Poetry Festival [Programme]
1983,1984,The Cambridge Poetry Magazine
1986,1991,Candle Light Reading
1998,1998,Cannon Fodder
1980,1984,Caprice
1991,1992,Cardiff Poet
1986,1986,Cardiff Poetry
1992,1997,Casablanca
1992,1996,Cascando: the national student literary magazine
1987,1987,CEJXOUQ
1988,1990,Celtic Dawn: the International Poetry Magazine
1993,1994,The Celtic Pen
1979,1979,Cencrastus: Scottish & International Literature Arts & Affairs
1979,1979,Centra News: the Centre for Reading Arts monthly newsletter.
1982,1991,"Certain Gestures: Music, Fiction, Fashion, Poetry, Art"
1977,1983,The Chair: Poetry Magazine
1990,1999,Chapter One
1998,1998,Chasing the Dragon: New Writing in English from Wales
1980,1980,The Cheapo Review
1989,1990,Chiaroscuro: a magazine for new writing
1989,1989,Chimera.
1978,1982,Chock
1981,1981,Chocolate News
1977,1977,Choice: a magazine of literature and criticism
1996,1998,Christian Poetry Review
1995,1997,Chronicles of Disorder
1984,1984,Chrysalis.
1979,1981,Cipher
1976,1976,City Dreams
1993,1996,City Writings
1984,1984,Clanjamfrie
1981,1982,Clothes Bulletin
1988,1988,Cloud
1977,1979,Clunch: North London Polytechnic Literary Society magazine
1988,1991,Cobweb
1981,1983,Codex Bandito
1999,2005,The Coffee House: a meeting place for the arts
1995,1995,Coil: journal of the moving image
1997,1997,The Collective Seasonal
1989,2005,College Green: a review of arts and literature.
1977,1981,Comstock Lode
1985,1985,The Condescender
1996,2005,Connections: the writers journal
1986,1987,"Constant Red / Mingled Damask: obras del laboratorio ambulente de
poeticas cinemategraphicas"
1979,1979,Contemporary Quarterly
1989,1989,Contraflow
1987,1990,Core: an international poetry magazine
1994,2005,The Cork Literary Review
1979,1999,The Cork Review
1986,1987,Corpus Journal: the journal of creative writing
1977,1981,Counterpoint
2000,2005,Countryside Tales:
1999,1999,CPR International
1977,1985,The Crane Bag
1994,1995,"The Crystal Gate: poetry and fantasy magazine of the new
renaissance"
1994,1995,The Cúirt Journal
1994,2005,Cutting Teeth: new writing
1984,1989,Dada Dance: the magazine for losers and boozers
1977,1978,Damask Magazine
1977,1977,Dancing Ledge Mercury
1995,1995,The Dark Horse
1976,1976,Dart
1992,1993,Daskhat: a journal of South Asian literature
1978,1979,Deep Earth Revue
1977,1978,Déjà Vu
1986,1989,Delhi London Poetry Quarterly
1988,1996,Delyow Derow
1989,1989,Dial 174
1985,1987,The Diggers Magazine
1986,1988,"Distaff: a magazine for writing women in London and the regions
/"
1984,1984,Distant Echo
1979,1981,Divan
1991,1996,Dog
1979,1997,Doors Into and Out of Dorset.
1978,1978,Double Harness
1984,1985,"Double Space: the East of England’s own literary and drama
magazine"
1982,1985,Dowry: a quarterly magazine of Catholic poetry
1979,1979,Dragon
1996,2005,Dream Catcher
1978,1979,The Drumlin
2000,2005,The Dublin Review
1992,1992,Eastern Rainbow
1989,1991,Eavesdropper
1985,1994,The Echo Room
1998,2005,Eclipse
1997,2005,Écorché
1978,1980,Ecuatorial: poetry: poecia
1985,1995,Edinburgh Review
1979,1980,Editor Anonymous
1977,1981,Effie
1993,2005,Element
1981,1981,Element 5
1994,2005,Engaged
1991,1994,Eonta: arts quarterly
1991,1991,Eos
1982,1991,Equofinality
1994,1996,Eric: University of Dundee arts magazine
1989,1989,Excerpts: some working pages by...
1986,1988,Exe-calibre
1996,1997,Extra
1976,1976,Extremes
1979,1979,Fauxpas: alternative arts & lifestyle magazine
1976,1976,"Ferment: a quarterly magazine of poetry, politics and the arts"
1998,1998,Fife Fringe
1998,2005,Fife Lines
1995,1995,Figments.
1980,1988,Figs
1982,1982,Filter
1983,1983,Fingerprint
1994,2005,Fire
1989,1989,The Firing Squad
1986,1986,First Offence
1981,2005,First Time
1984,1988,Five Leaves Left
1986,1986,Five Minute B!d
1989,2005,Flaming
1990,1990,Flesh Mouth
1989,1989,Flint: new writing from the South of England
1981,1981,The Fly Cemetery
1979,1979,Focus
1986,1990,Folded Sheets: of what new poetry is posted here
1983,1987,Folio
1979,1979,The Fool
1980,1980,Fool’s House
1987,1995,Foolscap
1986,1987,Footnotes
1989,1999,Force 10 in Mayo: a
1996,1996,Forty Winks
1989,1989,The Four Elements
1995,1996,[Four Word Magazine] 4word Magazine
1990,1998,Fragmente: a magazine of contemporary poetics
1984,1987,Frames
1998,1998,Free Hand
1994,1994,Freestyle Magazine
1983,2005,The Frogmore Papers
1994,1994,Frontal Lobe
1979,1979,"Fusion: poetry, fiction"
1998,1998,"Fusion Magazine: the performance journal of poetry, music and the
visual arts"
1990,1995,Gairfish
1990,1990,Gangway Literary Magazine
2000,2005,Garbaj: the politically incorrect paper
1997,1999,Gare du Nord
1987,1987,Garuda
1978,1979,"The Gay Journal: a new quarterly of culture and liberation
produced by gay women and men /"
1978,1980,Gazunda
1994,1994,Gentle Reader
1983,1989,Giant Steps
1998,2005,The Gig
1982,1986,The Glasgow Magazine
1986,2005,The Glass:
1986,1986,Glass: poetry magazine
1997,1997,Goalpost: friends of St. Clements
1977,1977,"God’s Spy: a singular magazine showing the progression of The
Life"
1995,1995,Golden Leaves
1993,1995,"The Good Society Review: the arts, environment and society"
1977,1983,The Gorey Detail
1980,1988,Graffiti
1981,1989,Grand Piano: a magazine of new poetry
1979,2005,Granta
1986,1999,Graph: Irish Cultural Review
1993,1993,"Green Battle Lines: poetry, prose, cartoons"
1979,1991,The Green Book
1976,1978,Green Lines
1985,1985,The Greenbelt Fringe Poetry Magazine.
1976,1976,The Greenland Magazine
1995,1995,"The Grendon Grail: the magazine of Grendon House Christian Poets’
Society"
1988,1988,Ground Works: literary arts review
1987,1987,Hack Hack.
1990,2005,The Haiku Quarterly
1978,1980,Hairst
1985,1989,The Halifax Wednesday Morning Eye Opener
1994,2005,Handshake
1989,1990,Handside Poets.
1982,1982,Hard Lines
1982,1982,"Hard Lines: short stories, poetry,"
1982,1982,The Hard Times: a magazine of working class culture
1987,1990,Harry’s Hand
1979,1983,Hartforde Poets’ Journal
1977,1977,Hartforde Poets Newsletter
1986,1986,The Hat
1978,1978,Hat Poetry Magazine
1995,1995,"Havoc: the new literary magazine with a political edge, for the
Canterbury area"
1994,1999,Headlock: new poetry from the South-West
1993,1994,Heart Throb
1995,1999,Helicon: poetry magazine
1981,1981,Heretic
1980,1980,The Hermit Oberlus
1997,1998,Highcliff
1980,1980,Hindman
1985,1985,Hoke
1992,1992,Hot Tin Roof
1997,1997,How Do I Love Thee? the magazine for love poetry
1981,1983,HP
1987,1998,Hrafnhoh
1990,1992,Hybrid
1985,1985,I Want To Eat Your Stomach
1994,1997,Ibid
1982,1982,Icarus
1997,1998,Iceni: tales from the East (Anglia)
1990,1991,"Identity Magazine: poetry, interviews, what’s on"
1982,1998,Illuminations: an international magazine of contemporary writing
1996,1996,"Impact: a collection of poems by members of New Old Voices Poetry
Group"
1980,1982,Imprint
1979,1979,The Incredible Spring Panda
1979,1979,The Incurable
1986,1987,Infolio
1989,1989,Ink
1977,1977,Inklings
1986,1994,Inkshed: international poetry and fiction
1993,1993,Innercity
1980,1986,Insight
1986,1986,Integument: short prose and verse
1995,1995,Inter Alia: international arts & literature
1986,1991,Inter Arts
1989,1996,Interactions
1998,1998,Interchange
1993,1993,Interference
1983,1983,International Review
1996,2005,The Interpreter’s House: poems and short stories
1992,1992,Intimacy: written being / being written
1985,1985,Into Print: the magazine of Stirling Writers’ Workshop
1981,1981,"Intrigue: poetry, art, stories magazine."
1989,1989,Inverse
1993,1994,Inverse
1986,1987,Invicta Literary Magazine
1993,1996,Involution: new writing
1988,2005,Iota: poetry quarterly
1976,1977,Ipse: the other magazine of the International Poetry Society
1999,2005,Island
1984,1993,Issue One
1990,1990,"Isthmus Poetry: a quarterly journal established primarily as an
outlet for subscribers’ own work"
1992,1993,Janus.
1985,1988,Jennings Magazine
1978,1993,Joe Soap’s Canoe
1989,1989,Jonathon Magazine
1998,1998,The Journal
2000,2005,The Journal
1981,1991,Keith Wright Memorial Poetry Competition
1995,1995,Kent Connections: the Kent writers journal
1978,1978,Kingfisher
1991,1994,Kissing the Sky: love and heartbreak poems
1986,1987,Kite
1991,1992,"Klick: magazine of the Writing Society of the Polytechnic of
Huddersfield, Communication Arts"
1999,1999,"Konfluence: a poetry magazine for the South-West based in the
Stroud Valleys"
1986,1995,Krino: a literary magazine for Ireland
1979,1982,Kudos: poetry and art
1979,2005,Kunapipi: journal of post-colonial writing
1982,1988,Label
1978,1985,Labrys
1981,1985,"LAMB: standing for literature, art, music, & baa"
1978,1978,Lancaster Literature Festival Poems.
1995,1996,Language Alive
1992,1992,Language Issue
1994,1994,Lateral Moves
1979,1979,Laughing Song
1993,1994,Leaf-mould
1995,1995,Lexikon: the magazine of the Stoke-on-Trent Writers Group
1990,1990,Liberty: poetry and prose
1996,1997,The Lighthouse: poetry quarterly
1992,1996,Linear A
1994,1995,Lit Up! the magazine for new writers
1978,1978,"Literary Monthly: stories, poems, articles"
1979,2005,Literary Review
1982,1986,Litmus
1976,1980,The Littack Supplement: (incorporating Littack)
1985,1985,Live Writers.
1984,2005,Liver & Lights
1998,1999,Living by the Sea.
1978,1982,Lobby Press Newsletter
1980,1982,Logos Magazine
1995,2005,The Long Poem Group Newsletter
1987,1987,The Longstone: poetry & art
1979,1987,Loot
1989,1990,Lost Dreams.
1981,1981,Lot 49
1988,1988,"Love and Life: a selection of poems, songs, and thoughts"
1990,1991,Lovely Jobly: a monthly magazine from Our Wonderful Culture
1994,1996,Mad Cow
1980,1980,The Mad Hatter
1996,1996,Madam X
1976,1978,"Madoc: the magazine of the Creative Writing Class at Cardiff
University Extra-Mural Department"
1977,1981,Madog: arts magazine
1984,1984,A Magazine
1995,1995,The Magazine
1989,1989,Magazing
1994,2005,Magma
1984,1984,Maidstone Poets News
1993,1997,"The Main Street Journal: poetry, fiction, music, essays"
1995,1995,Mana: “a gathering of voices”
1994,2005,Mango Season
1995,1995,Manifest: multi-cultural writing in English
1997,1997,Manticore: surrealist communication
1995,1996,Manutius: the Oxford University magazine of new writing
1983,1990,The Many Review: a new magazine of criticism and commentary
1989,1991,Mar
1986,1990,"Margin: a quarterly magazine of literature, arts and ideas"
1995,2005,Markings: new writing and art from Dumfries and Galloway
1978,1978,Mars /
1996,1997,Martin Holroyd’s Poetry Monthly /
1999,1999,Matrix /
1996,2005,Mauvaise Graine
1984,1986,Maximum Load
1977,1977,Meantime
1991,2005,Mediterraneans: a quarterly review: ideas new writing images
1980,1980,Megaphone
1984,1986,Melodic Scribble: literature magazine
1989,1994,Memes
1996,1996,Metre: a magazine of international poetry
1980,1980,Metrix
1992,1992,Mica.
1996,1998,Midnight Ink
1983,1983,Midnight Oil
1986,1986,"The Mighty Column: poetry, art, jazz, food & fashion in
Maidstone"
1998,1998,Mind the Gap: New York / London
1998,1999,Mind the Gap: a quarterly poetry magazine.
1976,1976,Mineral Waters of the Caucasus
1994,1996,Miscellany: a magazine of literary reviews.
1979,1979,"Mixed-up, Shook-up"
1980,1980,Molly Bloom
1976,1977,The Mongrel Fox: a quarterly
1999,2005,Monkey Kettle
1997,1999,The Monster That Ate Japan
1984,1984,The Moon
1991,1998,Moonlight
1981,2005,Moonstone: poetry & prose
1983,1984,The Moorlands Review
1990,1995,A Morning Star Folio
1992,1992,"Mosaic: the twice yearly magazine of stories and poetry by
Nottinghamshire writers."
1976,1977,Moth
1986,1986,Mother Tongues /
1995,1995,Mouthpiece: the Apples & Snakes poetry quarterly.
1997,1997,Mr Tiger’s Bookstop
1999,2005,Mslexia: the magazine for women who write
1976,1977,Mugshots
1976,1976,Murid
1989,1994,Mute
1993,1999,Navis
1985,1985,N.D.Y.
1999,1999,Nerve
1989,2005,Never Bury Poetry!
1981,2005,[New Arcadian Broadsheet] /
1981,2005,New Arcadians’ Journal
1979,1982,New Leaf: poetry & prose
1991,1992,New Poems from Portsmouth
1983,1984,New Poetry from Oxford
1990,1992,New Prospects Poetry
1991,1991,The New Truth
1988,2005,The New Welsh Review: Wales’ literary magazine in English
1993,1993,New Writing Network
1983,2005,New Writing Scotland
1989,1989,The New Yorick
1977,1979,New Yorkshire Writing: a quarterly review of writing
1982,1984,Nexus
1978,1979,Nexus: magazine of the Wandsworth Writers’ Guild
1994,1997,Nineties Poetry
1983,1989,Ninth Decade
1998,1998,Nomad
1986,1986,The North
1983,1987,North Magazine
1978,1983,"Northern Line: a quarterly magazine of original work by children
and teenagers"
1990,1992,Northlight: poetry review
1991,2005,Northwords: the magazine from the North for poetry and fiction
1980,1984,Not Poetry: contemporary prose writing /
1990,1991,Notnot: UEA writers.
1986,1990,Numbers
1992,1992,Nutshell
1990,1994,O Write: written work by young people across the Midlands
1994,1997,Object Permanence
1997,2005,Obsessed With Pipework
1976,1980,Ochre Magazine
1990,1996,Odyssey: a poetry and prose quarterly
1979,1998,The Old Police Station
1997,1997,Omnibus: poetry
1980,1983,Only Poetry
2000,2005,Open Book
1996,1996,Open Forum
1989,1993,Ostinato
1978,1995,Other Poetry
1989,1996,Otter: New Devon Poetry
1981,2005,The O.U.P.A. Magazine
1981,1983,"Out of Our Heads: art, poetry, prose"
1980,1983,Outcrop
1986,1991,Outlet: Cleveland’s creative output
1977,1979,Oxford Literary Journal
1999,1999,The Oxford Poetry Chronicle
1976,1978,Oxford Poetry Now
1996,1997,Oxford Quarterly Review
1989,1990,Owl: new poetry and graphics
1987,1998,Pages
1998,1998,Panic!
2000,2000,The Paperback
1982,1982,Papyra
1985,1985,Paramour
1991,2005,Parataxis: modernism and modern writing
1979,1979,Passing Through
1984,1996,"Passion: poetry, fiction, arts, criticism, philosophy, culture"
1990,1994,Passport: the magazine of new international writing
1976,1976,Pause
1985,1985,Peace & Freedom
1976,1979,Pebble Broadsheet
1978,1981,Peeping Tom: the lonely man’s magazine
1995,1999,Peer Poetry Magazine
1989,1996,Pelicans New Writers
1993,1996,Pen and Keyboard.
1997,2005,Pendragon Collection
1995,2005,The Penniless Press
1984,1984,Pennine Ink
1987,1987,Penumbra: a poetry broadsheet /
1990,1990,Penumbra
1987,1993,People to People: new writing now in the West Midlands
1991,1995,The People’s Poetry
1976,1979,Perfect Bound
1985,1992,Periaktos: a small press magazine
1979,1987,"Period Piece & Paperback: books, poetry, the arts"
1982,1984,Phancy
1978,1978,Phoenix
1993,1993,Phoenix
1998,1998,Phrasis
1995,1995,The Platform
1987,1987,Plinth
1996,2005,Plume
1978,1981,PM: Poetry Merseyside
1976,2005,PN Review
1997,2005,Poem Film Film Poem
1999,1999,"Poem One: London based poetry lyric, anti-poetry and artwork
magazine /"
1983,2005,Poems by Strangers
1978,1978,Poems from Portsmouth
1993,2005,Poetic Hours: the newsletter of the Dreamlands Poetry Group
1988,1997,Poetry Digest
1982,1994,Poetry Durham
1997,1997,Poetry Ealing
1985,1985,Poetry Express
2000,2005,Poetry Express: a quarterly newsletter from Survivors’ Poetry
1981,1981,Poetry Galway /
1978,1980,Poetry Ireland
1978,1980,Poetry Ireland Poems
1981,2005,Poetry Ireland Review
1994,2005,Poetry Life
1979,1982,Poetry London / Apple Magazine
1988,1999,Poetry London Newsletter
1995,1996,Poetry Manchester.
1983,1992,Poetry Matters: journal of Harry Chambers / Peterloo Poets
1997,2005,Poetry Monthly
1982,1982,Poetry News
1992,2005,Poetry News: the newsletter of the Poetry Society
1984,1985,Poetry Now
1991,2005,Poetry Now: communicating across the barriers
1996,2005,Poetry Now Newsletter
1983,1987,The Poetry of Love
1993,1994,Poetry On My Shoulders
1990,1990,Poetry Round: poetry. stories. reviews
1997,2005,Poetry Scotland
1976,1983,Poetry South East: an anthology of new poetry
1977,1977,Poetry Survey
1988,1989,Poetry Voice
1979,1979,Poetry Walk.
1982,1999,The Poet’s Voice
2000,2000,Polygon Poets
1994,1994,The Pomes: the postal performance platform
1982,1982,Port of Call
1995,1996,PPQ: Poetry Postcard Quarterly
1995,2005,PQR: Poetry Quarterly Review
1996,2005,Presence: a haiku magazine
1981,1983,The Present Tense: a review of modern poetry
1977,1980,Press Pigeons
1999,2005,Pretext
1990,1990,The Printer’s Devil: a magazine of new writing
2000,2005,"Product: pop, art, politics"
1988,1988,Promotion
1996,1996,PROP (poems. reviews. opinion. prose)
1978,1978,Proteus: a magazine of the arts from the Open University
1979,1981,P.S.: primary sources on the international performing arts
1983,1983,Psychopoetica: a magazine of psychologically-based poetry
1983,1983,P.T.O.
1994,1994,Purple Pastiche
1976,2005,Purple Patch
1979,1981,Quarto
1988,1993,Quartz: new writing
1995,1998,"Queer Words: the quarterly paperback of new lesbian and gay
writing"
1977,1978,Rabies
1978,1979,"Raedinga: a resurgence of visions, illustrated by poemusic"
2000,2005,Rain Dog
1978,1981,Ramp: a literary and visual magazine
1993,1995,Ramraid Extraordinaire
1995,1995,Raw Edge Magazine
1977,1979,Rawz
1993,1993,Re Publisch
1996,2005,Reach: bi-monthly poetry magazine
2000,2000,Reactions
1995,1995,"The Reader: the termly magazine of the Oxford University Poetry
Society"
1978,1988,Reality Studios
1997,2005,The Reater: poems and prose
1992,1995,Rebel Inc /
1995,1995,Red Herring: new poetry
1997,1997,"The Red Lamp: a journal of realist, socialist and humanitarian
poetry"
1998,2005,The Red Wheelbarrow: a magazine of poetry and opinion
1991,2005,Reflections
1991,1991,The Reid Review
1991,1993,Responses
1996,1999,Retort
1985,1985,Reverberations: the magazine of the Verbal Arts Association
1995,1995,The Review: an international literary magazine
1989,1992,Rhinoceros
1984,2005,The Rialto
1998,1998,"The Richmond Writer: prose and poetry from the Richmond Writers’
Circle"
1982,1990,Riff Raff Poets
1990,1996,"A Riot of Emotions: vagabonds on the road of life: art poetry
prose reviews & more"
1995,2005,Rising
1998,1998,The Riverside Poetry Review
1995,1995,Rivet
1988,1990,Roads: words
1980,1985,Rock Drill
1987,1987,R.S.V.P.
1998,1998,The Rue Bella
1992,1992,Rusk
1993,1999,Rustic Rub
1990,1990,RWC
1982,1990,The Salmon
1976,2005,Salopeot: the quarterly magazine of the Salopian Poetry Society
1990,2005,Salt: an international journal of poetry and poetics
1998,1998,Samizdat: the UCD English Literature Society journal.
1999,1999,Samizdat
1976,1978,Saturday Morning
1997,2005,Scintilla
1984,2005,Scottish Poetry Library Newsletter
1989,1997,Scratch
1981,1981,Scratchings: poems and prose
1978,1983,Screever
1992,1994,Scribblers of Dubious Editorial Merit
1979,1979,Scrievans
1985,1992,Scrievins
1997,1997,"Scriptor: a collection of new short stories, poetry and essays
from the South-East region"
1983,1983,Sea Legs
1994,2005,Seam
1997,2005,Second Light Newsletter
1977,1977,Sepia
1997,1997,Serendipity.
1998,2005,Seshat: cross-cultural perspectives in poetry and philosophy
1983,1983,Sharp Edges /
1980,1987,Sheaf
1981,1991,Shearsman
1992,1992,"Sheffield Thursday: literature, art, talk"
1999,2005,The Shop: a magazine of poetry
1979,1979,Shopping Music /
1994,1994,Le Shovelle Diplomatique
1995,1998,Shrike
1982,1983,Siting Fires: a poetry journal
1983,1983,Skate
1989,1990,Skoob Review
1998,1999,Slacker
1986,1987,Slightly Soiled: literary review
1996,1998,"Slipstream: new poetry, fiction, writing"
1977,1993,Slow Dancer
1991,2005,Smiths Knoll
1983,1984,Snake
1998,2005,Snapshots: haiku magazine
1978,1978,Solid Chintz: arts magazine
1988,1988,Something for Nothing
1980,1980,Songs to the Westering Moon
1994,1994,Soundworks Newsletter: for poetry and health
1990,1990,South: a poetry magazine from the southern counties
1977,1982,South East Arts Review
1995,1995,Southfields
1977,1985,South West Review
1991,1991,South Yorkshire Writer
1983,1992,Sow’s Ear
1998,1999,Space Limited: lighthearted medium for aspiring wordsmiths
1993,1993,Spark: the Cambridge arts magazine
1983,1983,Speakeasy
1976,1999,Spectacular Diseases
1982,1985,Spectrum
1990,1992,Spectrum
1988,1993,Sphinx: a journal for archetypal psychology and the arts
1998,1999,The Spice-Box
1978,1978,Spindrift
1977,1983,Spindrift: poems by Scarborough Poetry Workshop
1985,1996,Spokes
1996,1996,Spout: b&w poetry magazine
1990,2005,Springboard: writing to succeed
1978,1978,Springfield Works
1996,1999,Stand and Deliver: new poetry from Newcastle
1983,2005,Staple
1985,1992,Staple Diet
1976,1983,Stardancer
1978,1985,Start: Stoke magazine of the arts
1978,1978,Station Identification + Poetic Injustice
1992,1998,The Steeple: Ireland’s new poetry magazine
1997,1997,Still: a journal of short verse
1998,2005,The Stinging Fly
1985,1985,Stomp Magazine
1978,1978,Stone Ferry Review
1995,1997,Stone Soup: literary magazine (casopis za knjizevnos)
1980,1980,Stonechat
1977,1977,Story and Stanza
1978,1978,Straight Lines
1982,1982,"Strange Fruit: the Humanities Dept., North Staffordshire Poly
Literary Review"
1981,1981,Strange Lime Fruit Stone
1984,1989,"Strawberry Fare: St. Mary’s College literary magazine: articles,
poetry, stories, interviews"
1982,1995,Stride
1980,1980,Sun & Harvest
1989,1995,Sunk Island Review
1992,1994,SuperReal: the British surreal journal
1998,1998,Survivors Poetry Newsletter
1986,2005,The Swansea Review: poetry – criticism – prose
1984,1984,SYC Newsheet
1983,1983,Sydelines
1993,1993,Sylva: the magazine of new poetry
1976,1995,Symphony: a magazine of Christian poetry
1995,1998,"Symtex & Grimmer: poems in English, German and other notational
systems"
1979,1980,Syzygy
1992,1997,Tabla
1998,1998,The Tabla Book of New Verse
1987,1997,Talus
1979,1981,"Tandem: the City University & Goldsmiths’ College Writers’
Workshops"
1983,1983,Tangier
1999,1999,Tangled Hair: an international journal of contemporary tanka
1984,2005,Tears in the Fence
1990,1995,Tees Valley Writer
1980,1982,Telegram: poetry fiction reviews comment
1976,1995,Tell Tale: stories and poems for family reading
1981,1992,Temenos: a review devoted to the arts of the imagination
1998,2005,Temenos Academy Review
1992,1994,The Tempest
1990,1991,Tenth Decade
1990,2005,Tenth Muse
1992,1992,Termite Times
1993,1993,Terrible Work
1983,1984,The Third Eye
1987,1987,The Third Half
1998,1998,This Is…
1994,1995,"Thumbscrew: an independent journal of poetry, articles and
reviews"
1995,2005,Time Haiku
1995,1996,Tongue to Boot
1991,1991,Totentanz
1982,1996,Tracks
1993,2005,Transit /
1989,1989,Trap-door
1999,2005,Tremblestone
1977,1984,Trends: the Paisley College of Technology literary magazine
1994,1994,Trixie
2000,2005,Troglodyte: a cultural magazine
1979,1981,True Thomas
1991,1991,Tuba
1977,1983,Twisted Wrist
1978,1980,Uncle Nasty’s…
1993,1994,Uncompromising Positions
1998,1998,Undercurrent
1989,1989,Understanding
1991,1995,Undertow
1978,1979,Unknown Origins
1996,2005,The Unruly Sun
1998,1998,Untouched.
1996,1999,Upstart! Magazine: new writing from the new city
1994,2005,Urthona: a magazine for rousing the imagination
1976,1981,Vanessa Poetry Magazine
1992,1997,Various Artists
1990,1990,Ver Poets Voices /
1994,1994,"Verbal Underground: imaginative writing from the students of the
University of North London"
1984,2005,Verse
1994,1995,Versus: contemporary arts magazine.
1986,1991,Vertical Images
1988,2005,Vigil
1979,1979,A Vision Very Like Reality: radical writings
1998,2005,Voice & Verse
1994,1994,Walking Naked.
1984,2005,Wasafiri
1998,2005,Waves
1988,1998,West Coast Magazine
1986,1993,"Westwords: quarterly magazine for the south-west: poetry prose
photography"
1996,1996,The Whistle House
1986,1992,The White Rose
1997,1997,"‘Why are you leaving, Mister Archibald?’: a concoction of honest
writing"
1986,1997,The Wide Skirt
1985,1985,Widemind: surrealist poetry
1984,1984,"Wild Words: women’s stories, poems, drawings and photographs"
1977,1981,Windows
1990,1997,Wire
1977,1978,The Wolly of Swot
1998,1998,The Word: life journal and poetry magazine
1976,1980,Words
1985,1986,Words: the new literary forum
1987,1988,Words International: the literary monthly
1978,1995,Words Worth
1996,1998,"Words Worth: a journal from writers with vision… from the heart of
Milton Keynes"
1989,2005,Wordshare: creative writing quarterly
1993,1995,Wordsmith
1989,1999,Working Titles
1987,1988,Write Away
1979,1979,Write Now.
1986,1986,Write Now: the magazine for writers
1996,2005,The Write Spark: a collection by Hackney Creative Group
1980,1986,Writer.
1998,1998,"Writers’ Brew: the UK TransAtlantic Critique Club’s quarterly
review: a collection of world wide writing from new authors"
1998,1998,Writers’ Cauldron.
1999,1999,Writer’s Muse.
1992,1992,The Writers Rostrum
1983,1986,The Writer’s Voice.
1995,1995,Writing in Lincolnshire
1990,1998,"Writing Ulster: poems, stories, essays, art…"
1981,1998,Writing Women
1991,1991,Wyrd
1988,1991,X-calibre
1977,1979,‘Y’
1987,1987,The Yeats Club Review
1995,2005,"The Yellow Crane: interesting new poems from South Wales and
beyond…"
1978,1980,Young: poetry magazine
1996,2005,Young Writer: the magazine for children with something to say
1988,1988,Z Magazine
1991,2005,Zed
1982,1988,"Zenos: poetry, British and international"
1996,1998,Zero
1994,1995,Zimmerframepileup
1981,1985,Zip: poetry and something else from Stand and Deliver
